<coordinator-app name="weekdays-jobs" frequency="0/20 8-18 ? * 2-6" start="${start}" end="${end}" timezone = "America/New_York"
                 xmlns="uri:oozie:coordinator:0.2">
        <action>
        <workflow>
            <app-path>${workflowAppUri}</app-path>
            <configuration>
                <property>
                    <name>jobTracker</name>
                    <value>${jobTracker}</value>
                </property>
                <property>
                    <name>nameNode</name>
                    <value>${nameNode}</value>
                </property>
                <property>
                    <name>queueName</name>
                    <value>${queueName}</value>
                </property>
            </configuration>
        </workflow>
    </action>
</coordinator-app>